user_type,avg_ride_length_min,total_ride_length_min
casual,20.926091932409552,2145244
member,12.195020627546137,3707005
