user_type,avg_ride_length_min,total_ride_length_min
casual,23.95367873144073,1521432
member,12.448205333617965,2686516
